run_id,step_order,step_name,layer,status,started_at,ended_at,duration_seconds,rows_in,rows_out,target,error_message
run_0001,1,Extract commerce orders,Extract,success,2026-07-21T06:02:00,2026-07-21T06:02:06.099538,6.1,0,3145,commerce_orders.csv,
run_0001,2,Load raw orders,Load,success,2026-07-21T06:02:06.099538,2026-07-21T06:02:10.630874,4.531,3122,3122,raw_orders,
run_0001,3,Transform order fact,Transform,success,2026-07-21T06:02:10.630874,2026-07-21T06:02:21.064595,10.434,2768,3191,fct_orders,
run_0001,4,Build revenue marts,Transform,success,2026-07-21T06:02:21.064595,2026-07-21T06:02:29.595254,8.531,3271,2849,mart_daily_revenue,
run_0001,5,Run data quality,Quality,success,2026-07-21T06:02:29.595254,2026-07-21T06:02:34.412822,4.818,11,11,quality_checks,
run_0002,1,Extract CRM customers,Extract,success,2026-07-21T05:06:00,2026-07-21T05:06:03.356174,3.356,0,373,crm_customers.csv,
run_0002,2,Load raw customers,Load,success,2026-07-21T05:06:03.356174,2026-07-21T05:06:05.405966,2.05,373,373,raw_customers,
run_0002,3,Build customer dimension,Transform,success,2026-07-21T05:06:05.405966,2026-07-21T05:06:14.765273,9.359,3585,2014,dim_customers,
run_0002,4,Run data quality,Quality,success,2026-07-21T05:06:14.765273,2026-07-21T05:06:18.757892,3.993,7,7,quality_checks,
run_0003,1,Read revenue mart,Extract,success,2026-07-21T07:08:00,2026-07-21T07:08:04.707830,4.708,0,356,mart_daily_revenue,
run_0003,2,Aggregate close metrics,Transform,success,2026-07-21T07:08:04.707830,2026-07-21T07:08:13.020592,8.313,3377,169,finance_close_summary,
run_0003,3,Reconcile daily totals,Quality,failed,2026-07-21T07:08:13.020592,2026-07-21T07:08:16.063784,3.043,12,0,reconciliation,source freshness SLA exceeded
run_0003,4,Publish close snapshot,Load,skipped,2026-07-21T07:08:16.063784,2026-07-21T07:08:16.063784,0,0,0,close_snapshot,
run_0004,1,Extract commerce orders,Extract,success,2026-07-22T06:08:00,2026-07-22T06:08:04.356806,4.357,0,2889,commerce_orders.csv,
run_0004,2,Load raw orders,Load,success,2026-07-22T06:08:04.356806,2026-07-22T06:08:11.088380,6.732,3768,3768,raw_orders,
run_0004,3,Transform order fact,Transform,success,2026-07-22T06:08:11.088380,2026-07-22T06:08:17.718558,6.63,3220,642,fct_orders,
run_0004,4,Build revenue marts,Transform,success,2026-07-22T06:08:17.718558,2026-07-22T06:08:27.499186,9.781,2587,2245,mart_daily_revenue,
run_0004,5,Run data quality,Quality,success,2026-07-22T06:08:27.499186,2026-07-22T06:08:34.938522,7.439,7,7,quality_checks,
run_0005,1,Extract CRM customers,Extract,success,2026-07-22T05:01:00,2026-07-22T05:01:03.714273,3.714,0,409,crm_customers.csv,
run_0005,2,Load raw customers,Load,success,2026-07-22T05:01:03.714273,2026-07-22T05:01:11.345691,7.631,388,388,raw_customers,
run_0005,3,Build customer dimension,Transform,success,2026-07-22T05:01:11.345691,2026-07-22T05:01:14.842300,3.497,2611,230,dim_customers,
run_0005,4,Run data quality,Quality,success,2026-07-22T05:01:14.842300,2026-07-22T05:01:17.285342,2.443,9,9,quality_checks,
run_0006,1,Read revenue mart,Extract,success,2026-07-22T07:04:00,2026-07-22T07:04:05.266417,5.266,0,427,mart_daily_revenue,
run_0006,2,Aggregate close metrics,Transform,success,2026-07-22T07:04:05.266417,2026-07-22T07:04:11.187266,5.921,2881,2648,finance_close_summary,
run_0006,3,Reconcile daily totals,Quality,success,2026-07-22T07:04:11.187266,2026-07-22T07:04:12.269207,1.082,5,5,reconciliation,
run_0006,4,Publish close snapshot,Load,success,2026-07-22T07:04:12.269207,2026-07-22T07:04:18.078002,5.809,362,362,close_snapshot,
run_0007,1,Extract commerce orders,Extract,success,2026-07-23T06:03:00,2026-07-23T06:03:01.233543,1.234,0,3664,commerce_orders.csv,
run_0007,2,Load raw orders,Load,success,2026-07-23T06:03:01.233543,2026-07-23T06:03:05.878265,4.645,4064,4064,raw_orders,
run_0007,3,Transform order fact,Transform,success,2026-07-23T06:03:05.878265,2026-07-23T06:03:15.591275,9.713,2524,3153,fct_orders,
run_0007,4,Build revenue marts,Transform,success,2026-07-23T06:03:15.591275,2026-07-23T06:03:24.785677,9.194,2945,2675,mart_daily_revenue,
run_0007,5,Run data quality,Quality,success,2026-07-23T06:03:24.785677,2026-07-23T06:03:31.286901,6.501,9,9,quality_checks,
run_0008,1,Extract CRM customers,Extract,success,2026-07-23T05:01:00,2026-07-23T05:01:06.108691,6.109,0,406,crm_customers.csv,
run_0008,2,Load raw customers,Load,success,2026-07-23T05:01:06.108691,2026-07-23T05:01:09.237476,3.129,427,427,raw_customers,
run_0008,3,Build customer dimension,Transform,success,2026-07-23T05:01:09.237476,2026-07-23T05:01:16.618930,7.381,3312,3092,dim_customers,
run_0008,4,Run data quality,Quality,success,2026-07-23T05:01:16.618930,2026-07-23T05:01:19.838728,3.22,11,11,quality_checks,
run_0009,1,Read revenue mart,Extract,success,2026-07-23T07:07:00,2026-07-23T07:07:03.142634,3.143,0,383,mart_daily_revenue,
run_0009,2,Aggregate close metrics,Transform,success,2026-07-23T07:07:03.142634,2026-07-23T07:07:11.358830,8.216,3110,2753,finance_close_summary,
run_0009,3,Reconcile daily totals,Quality,success,2026-07-23T07:07:11.358830,2026-07-23T07:07:15.131161,3.772,11,11,reconciliation,
run_0009,4,Publish close snapshot,Load,success,2026-07-23T07:07:15.131161,2026-07-23T07:07:22.346265,7.215,379,379,close_snapshot,
run_0010,1,Extract commerce orders,Extract,success,2026-07-24T06:07:00,2026-07-24T06:07:01.185236,1.185,0,3909,commerce_orders.csv,
run_0010,2,Load raw orders,Load,success,2026-07-24T06:07:01.185236,2026-07-24T06:07:07.602870,6.418,3253,3253,raw_orders,
run_0010,3,Transform order fact,Transform,success,2026-07-24T06:07:07.602870,2026-07-24T06:07:15.976206,8.373,2797,120,fct_orders,
run_0010,4,Build revenue marts,Transform,success,2026-07-24T06:07:15.976206,2026-07-24T06:07:25.677439,9.701,3272,3144,mart_daily_revenue,
run_0010,5,Run data quality,Quality,success,2026-07-24T06:07:25.677439,2026-07-24T06:07:30.218996,4.542,7,7,quality_checks,
run_0011,1,Extract CRM customers,Extract,success,2026-07-24T05:01:00,2026-07-24T05:01:04.426519,4.427,0,354,crm_customers.csv,
run_0011,2,Load raw customers,Load,success,2026-07-24T05:01:04.426519,2026-07-24T05:01:09.599011,5.172,413,413,raw_customers,
run_0011,3,Build customer dimension,Transform,success,2026-07-24T05:01:09.599011,2026-07-24T05:01:17.555665,7.957,3493,2035,dim_customers,
run_0011,4,Run data quality,Quality,success,2026-07-24T05:01:17.555665,2026-07-24T05:01:23.556128,6.0,7,7,quality_checks,
run_0012,1,Read revenue mart,Extract,success,2026-07-24T07:05:00,2026-07-24T07:05:02.520963,2.521,0,395,mart_daily_revenue,
run_0012,2,Aggregate close metrics,Transform,success,2026-07-24T07:05:02.520963,2026-07-24T07:05:11.946466,9.426,3058,452,finance_close_summary,
run_0012,3,Reconcile daily totals,Quality,success,2026-07-24T07:05:11.946466,2026-07-24T07:05:16.075055,4.129,10,10,reconciliation,
run_0012,4,Publish close snapshot,Load,success,2026-07-24T07:05:16.075055,2026-07-24T07:05:17.574507,1.499,411,411,close_snapshot,
run_0013,1,Extract commerce orders,Extract,success,2026-07-25T06:05:00,2026-07-25T06:05:05.171277,5.171,0,2836,commerce_orders.csv,
run_0013,2,Load raw orders,Load,success,2026-07-25T06:05:05.171277,2026-07-25T06:05:11.472780,6.302,3150,3150,raw_orders,
run_0013,3,Transform order fact,Transform,success,2026-07-25T06:05:11.472780,2026-07-25T06:05:20.930808,9.458,3817,2894,fct_orders,
run_0013,4,Build revenue marts,Transform,success,2026-07-25T06:05:20.930808,2026-07-25T06:05:32.023506,11.093,2890,1005,mart_daily_revenue,
run_0013,5,Run data quality,Quality,success,2026-07-25T06:05:32.023506,2026-07-25T06:05:36.046104,4.023,9,9,quality_checks,
run_0014,1,Extract CRM customers,Extract,success,2026-07-25T05:04:00,2026-07-25T05:04:00.879823,0.88,0,427,crm_customers.csv,
run_0014,2,Load raw customers,Load,success,2026-07-25T05:04:00.879823,2026-07-25T05:04:05.025397,4.146,381,381,raw_customers,
run_0014,3,Build customer dimension,Transform,success,2026-07-25T05:04:05.025397,2026-07-25T05:04:14.255417,9.23,3204,1211,dim_customers,
run_0014,4,Run data quality,Quality,success,2026-07-25T05:04:14.255417,2026-07-25T05:04:19.615550,5.36,6,6,quality_checks,
run_0015,1,Extract commerce orders,Extract,success,2026-07-26T06:02:00,2026-07-26T06:02:01.219864,1.22,0,3204,commerce_orders.csv,
run_0015,2,Load raw orders,Load,success,2026-07-26T06:02:01.219864,2026-07-26T06:02:06.620825,5.401,3278,3278,raw_orders,
run_0015,3,Transform order fact,Transform,success,2026-07-26T06:02:06.620825,2026-07-26T06:02:14.471877,7.851,2684,972,fct_orders,
run_0015,4,Build revenue marts,Transform,success,2026-07-26T06:02:14.471877,2026-07-26T06:02:21.400709,6.929,2892,819,mart_daily_revenue,
run_0015,5,Run data quality,Quality,success,2026-07-26T06:02:21.400709,2026-07-26T06:02:28.680105,7.279,12,12,quality_checks,
run_0016,1,Extract CRM customers,Extract,success,2026-07-26T05:07:00,2026-07-26T05:07:01.421431,1.421,0,415,crm_customers.csv,
run_0016,2,Load raw customers,Load,success,2026-07-26T05:07:01.421431,2026-07-26T05:07:06.008545,4.587,419,419,raw_customers,
run_0016,3,Build customer dimension,Transform,success,2026-07-26T05:07:06.008545,2026-07-26T05:07:14.978509,8.97,3185,3074,dim_customers,
run_0016,4,Run data quality,Quality,success,2026-07-26T05:07:14.978509,2026-07-26T05:07:17.895536,2.917,11,11,quality_checks,
run_0017,1,Extract commerce orders,Extract,success,2026-07-27T06:07:00,2026-07-27T06:07:02.281557,2.282,0,3671,commerce_orders.csv,
run_0017,2,Load raw orders,Load,success,2026-07-27T06:07:02.281557,2026-07-27T06:07:09.291887,7.01,3156,3156,raw_orders,
run_0017,3,Transform order fact,Transform,success,2026-07-27T06:07:09.291887,2026-07-27T06:07:15.364600,6.073,4084,2085,fct_orders,
run_0017,4,Build revenue marts,Transform,success,2026-07-27T06:07:15.364600,2026-07-27T06:07:23.981991,8.617,2689,736,mart_daily_revenue,
run_0017,5,Run data quality,Quality,success,2026-07-27T06:07:23.981991,2026-07-27T06:07:28.915550,4.934,5,5,quality_checks,
run_0018,1,Extract CRM customers,Extract,success,2026-07-27T05:03:00,2026-07-27T05:03:02.092720,2.093,0,382,crm_customers.csv,
run_0018,2,Load raw customers,Load,success,2026-07-27T05:03:02.092720,2026-07-27T05:03:06.707903,4.615,427,427,raw_customers,
run_0018,3,Build customer dimension,Transform,success,2026-07-27T05:03:06.707903,2026-07-27T05:03:20.366084,13.658,3723,2377,dim_customers,
run_0018,4,Run data quality,Quality,success,2026-07-27T05:03:20.366084,2026-07-27T05:03:22.514450,2.148,12,12,quality_checks,
run_0019,1,Read revenue mart,Extract,success,2026-07-27T07:07:00,2026-07-27T07:07:05.954231,5.954,0,396,mart_daily_revenue,
run_0019,2,Aggregate close metrics,Transform,success,2026-07-27T07:07:05.954231,2026-07-27T07:07:15.229643,9.275,3708,216,finance_close_summary,
run_0019,3,Reconcile daily totals,Quality,success,2026-07-27T07:07:15.229643,2026-07-27T07:07:18.450135,3.22,7,7,reconciliation,
run_0019,4,Publish close snapshot,Load,success,2026-07-27T07:07:18.450135,2026-07-27T07:07:21.288148,2.838,415,415,close_snapshot,
run_0020,1,Extract commerce orders,Extract,success,2026-07-28T06:08:00,2026-07-28T06:08:05.801544,5.802,0,2802,commerce_orders.csv,
run_0020,2,Load raw orders,Load,success,2026-07-28T06:08:05.801544,2026-07-28T06:08:10.964369,5.163,3870,3870,raw_orders,
run_0020,3,Transform order fact,Transform,success,2026-07-28T06:08:10.964369,2026-07-28T06:08:18.395401,7.431,3725,587,fct_orders,
run_0020,4,Build revenue marts,Transform,success,2026-07-28T06:08:18.395401,2026-07-28T06:08:28.218074,9.823,2690,2537,mart_daily_revenue,
run_0020,5,Run data quality,Quality,success,2026-07-28T06:08:28.218074,2026-07-28T06:08:31.831126,3.613,11,11,quality_checks,
run_0021,1,Extract CRM customers,Extract,success,2026-07-28T05:06:00,2026-07-28T05:06:03.147344,3.147,0,398,crm_customers.csv,
run_0021,2,Load raw customers,Load,success,2026-07-28T05:06:03.147344,2026-07-28T05:06:07.088688,3.941,374,374,raw_customers,
run_0021,3,Build customer dimension,Transform,success,2026-07-28T05:06:07.088688,2026-07-28T05:06:16.867045,9.778,3966,2711,dim_customers,
run_0021,4,Run data quality,Quality,success,2026-07-28T05:06:16.867045,2026-07-28T05:06:20.558665,3.692,6,6,quality_checks,
run_0022,1,Read revenue mart,Extract,success,2026-07-28T07:07:00,2026-07-28T07:07:03.669875,3.67,0,361,mart_daily_revenue,
run_0022,2,Aggregate close metrics,Transform,success,2026-07-28T07:07:03.669875,2026-07-28T07:07:15.104889,11.435,3675,1003,finance_close_summary,
run_0022,3,Reconcile daily totals,Quality,success,2026-07-28T07:07:15.104889,2026-07-28T07:07:19.242207,4.137,11,11,reconciliation,
run_0022,4,Publish close snapshot,Load,success,2026-07-28T07:07:19.242207,2026-07-28T07:07:23.929340,4.687,420,420,close_snapshot,
run_0023,1,Extract commerce orders,Extract,success,2026-07-29T06:03:00,2026-07-29T06:03:06.008667,6.009,0,3654,commerce_orders.csv,
run_0023,2,Load raw orders,Load,success,2026-07-29T06:03:06.008667,2026-07-29T06:03:11.131445,5.123,4022,4022,raw_orders,
run_0023,3,Transform order fact,Transform,success,2026-07-29T06:03:11.131445,2026-07-29T06:03:20.052545,8.921,3187,676,fct_orders,
run_0023,4,Build revenue marts,Transform,success,2026-07-29T06:03:20.052545,2026-07-29T06:03:26.505301,6.453,3440,847,mart_daily_revenue,
run_0023,5,Run data quality,Quality,success,2026-07-29T06:03:26.505301,2026-07-29T06:03:29.842232,3.337,12,12,quality_checks,
run_0024,1,Extract CRM customers,Extract,success,2026-07-29T05:05:00,2026-07-29T05:05:07.798226,7.798,0,377,crm_customers.csv,
run_0024,2,Load raw customers,Load,success,2026-07-29T05:05:07.798226,2026-07-29T05:05:13.378699,5.58,409,409,raw_customers,
run_0024,3,Build customer dimension,Transform,success,2026-07-29T05:05:13.378699,2026-07-29T05:05:23.696536,10.318,3515,1743,dim_customers,
run_0024,4,Run data quality,Quality,success,2026-07-29T05:05:23.696536,2026-07-29T05:05:25.695105,1.999,12,12,quality_checks,
run_0025,1,Read revenue mart,Extract,success,2026-07-29T07:06:00,2026-07-29T07:06:03.753512,3.754,0,398,mart_daily_revenue,
run_0025,2,Aggregate close metrics,Transform,success,2026-07-29T07:06:03.753512,2026-07-29T07:06:14.163485,10.41,2968,294,finance_close_summary,
run_0025,3,Reconcile daily totals,Quality,success,2026-07-29T07:06:14.163485,2026-07-29T07:06:15.173469,1.01,5,5,reconciliation,
run_0025,4,Publish close snapshot,Load,success,2026-07-29T07:06:15.173469,2026-07-29T07:06:21.438479,6.265,400,400,close_snapshot,
run_0026,1,Extract commerce orders,Extract,success,2026-07-30T06:02:00,2026-07-30T06:02:04.044540,4.045,0,3211,commerce_orders.csv,
run_0026,2,Load raw orders,Load,success,2026-07-30T06:02:04.044540,2026-07-30T06:02:07.283072,3.239,3758,3758,raw_orders,
run_0026,3,Transform order fact,Transform,success,2026-07-30T06:02:07.283072,2026-07-30T06:02:16.418185,9.135,3874,2871,fct_orders,
run_0026,4,Build revenue marts,Transform,success,2026-07-30T06:02:16.418185,2026-07-30T06:02:23.871681,7.453,3389,342,mart_daily_revenue,
run_0026,5,Run data quality,Quality,success,2026-07-30T06:02:23.871681,2026-07-30T06:02:29.652150,5.78,5,5,quality_checks,
run_0027,1,Extract CRM customers,Extract,success,2026-07-30T05:05:00,2026-07-30T05:05:04.920234,4.92,0,425,crm_customers.csv,
run_0027,2,Load raw customers,Load,success,2026-07-30T05:05:04.920234,2026-07-30T05:05:09.007616,4.087,410,410,raw_customers,
run_0027,3,Build customer dimension,Transform,success,2026-07-30T05:05:09.007616,2026-07-30T05:05:18.125321,9.118,3451,2526,dim_customers,
run_0027,4,Run data quality,Quality,success,2026-07-30T05:05:18.125321,2026-07-30T05:05:22.359587,4.234,8,8,quality_checks,
run_0028,1,Read revenue mart,Extract,success,2026-07-30T07:04:00,2026-07-30T07:04:03.116068,3.116,0,425,mart_daily_revenue,
run_0028,2,Aggregate close metrics,Transform,success,2026-07-30T07:04:03.116068,2026-07-30T07:04:10.728884,7.613,4081,632,finance_close_summary,
run_0028,3,Reconcile daily totals,Quality,success,2026-07-30T07:04:10.728884,2026-07-30T07:04:15.293251,4.564,9,9,reconciliation,
run_0028,4,Publish close snapshot,Load,success,2026-07-30T07:04:15.293251,2026-07-30T07:04:20.930995,5.638,394,394,close_snapshot,
run_0029,1,Extract commerce orders,Extract,success,2026-07-31T06:01:00,2026-07-31T06:01:00.400000,0.4,0,3885,commerce_orders.csv,
run_0029,2,Load raw orders,Load,success,2026-07-31T06:01:00.400000,2026-07-31T06:01:08.541972,8.142,3003,3003,raw_orders,
run_0029,3,Transform order fact,Transform,success,2026-07-31T06:01:08.541972,2026-07-31T06:01:17.144214,8.602,2925,2371,fct_orders,
run_0029,4,Build revenue marts,Transform,success,2026-07-31T06:01:17.144214,2026-07-31T06:01:25.415310,8.271,3172,680,mart_daily_revenue,
run_0029,5,Run data quality,Quality,success,2026-07-31T06:01:25.415310,2026-07-31T06:01:29.760944,4.346,10,10,quality_checks,
run_0030,1,Extract CRM customers,Extract,success,2026-07-31T05:03:00,2026-07-31T05:03:04.396188,4.396,0,356,crm_customers.csv,
run_0030,2,Load raw customers,Load,success,2026-07-31T05:03:04.396188,2026-07-31T05:03:11.136534,6.74,353,353,raw_customers,
run_0030,3,Build customer dimension,Transform,success,2026-07-31T05:03:11.136534,2026-07-31T05:03:18.734866,7.598,3130,1796,dim_customers,
run_0030,4,Run data quality,Quality,success,2026-07-31T05:03:18.734866,2026-07-31T05:03:22.560714,3.826,7,7,quality_checks,
run_0031,1,Read revenue mart,Extract,success,2026-07-31T07:04:00,2026-07-31T07:04:02.274710,2.275,0,358,mart_daily_revenue,
run_0031,2,Aggregate close metrics,Transform,success,2026-07-31T07:04:02.274710,2026-07-31T07:04:10.736620,8.462,2605,676,finance_close_summary,
run_0031,3,Reconcile daily totals,Quality,success,2026-07-31T07:04:10.736620,2026-07-31T07:04:14.121598,3.385,7,7,reconciliation,
run_0031,4,Publish close snapshot,Load,success,2026-07-31T07:04:14.121598,2026-07-31T07:04:19.082487,4.961,362,362,close_snapshot,
run_0032,1,Extract commerce orders,Extract,failed,2026-08-01T06:07:00,2026-08-01T06:07:01.840535,1.841,0,0,commerce_orders.csv,transform query failed
run_0032,2,Load raw orders,Load,skipped,2026-08-01T06:07:01.840535,2026-08-01T06:07:01.840535,0,0,0,raw_orders,
run_0032,3,Transform order fact,Transform,skipped,2026-08-01T06:07:01.840535,2026-08-01T06:07:01.840535,0,0,0,fct_orders,
run_0032,4,Build revenue marts,Transform,skipped,2026-08-01T06:07:01.840535,2026-08-01T06:07:01.840535,0,0,0,mart_daily_revenue,
run_0032,5,Run data quality,Quality,skipped,2026-08-01T06:07:01.840535,2026-08-01T06:07:01.840535,0,0,0,quality_checks,
run_0033,1,Extract CRM customers,Extract,success,2026-08-01T05:06:00,2026-08-01T05:06:05.223434,5.223,0,421,crm_customers.csv,
run_0033,2,Load raw customers,Load,success,2026-08-01T05:06:05.223434,2026-08-01T05:06:11.432778,6.209,350,350,raw_customers,
run_0033,3,Build customer dimension,Transform,success,2026-08-01T05:06:11.432778,2026-08-01T05:06:18.435043,7.002,3044,1440,dim_customers,
run_0033,4,Run data quality,Quality,success,2026-08-01T05:06:18.435043,2026-08-01T05:06:21.250121,2.815,6,6,quality_checks,
run_0034,1,Extract commerce orders,Extract,success,2026-08-02T06:06:00,2026-08-02T06:06:05.129514,5.13,0,4037,commerce_orders.csv,
run_0034,2,Load raw orders,Load,success,2026-08-02T06:06:05.129514,2026-08-02T06:06:10.424266,5.295,3012,3012,raw_orders,
run_0034,3,Transform order fact,Transform,success,2026-08-02T06:06:10.424266,2026-08-02T06:06:20.240989,9.817,2872,2342,fct_orders,
run_0034,4,Build revenue marts,Transform,success,2026-08-02T06:06:20.240989,2026-08-02T06:06:26.735059,6.494,3134,1683,mart_daily_revenue,
run_0034,5,Run data quality,Quality,success,2026-08-02T06:06:26.735059,2026-08-02T06:06:31.948274,5.213,9,9,quality_checks,
run_0035,1,Extract CRM customers,Extract,success,2026-08-02T05:03:00,2026-08-02T05:03:04.440101,4.44,0,387,crm_customers.csv,
run_0035,2,Load raw customers,Load,success,2026-08-02T05:03:04.440101,2026-08-02T05:03:07.524958,3.085,370,370,raw_customers,
run_0035,3,Build customer dimension,Transform,success,2026-08-02T05:03:07.524958,2026-08-02T05:03:17.983123,10.458,3132,2441,dim_customers,
run_0035,4,Run data quality,Quality,success,2026-08-02T05:03:17.983123,2026-08-02T05:03:23.662959,5.68,12,12,quality_checks,
run_0036,1,Extract commerce orders,Extract,success,2026-08-03T06:01:00,2026-08-03T06:01:04.633565,4.634,0,3855,commerce_orders.csv,
run_0036,2,Load raw orders,Load,success,2026-08-03T06:01:04.633565,2026-08-03T06:01:07.733309,3.1,3782,3782,raw_orders,
run_0036,3,Transform order fact,Transform,success,2026-08-03T06:01:07.733309,2026-08-03T06:01:15.865259,8.132,3458,2351,fct_orders,
run_0036,4,Build revenue marts,Transform,success,2026-08-03T06:01:15.865259,2026-08-03T06:01:25.583933,9.719,3364,3151,mart_daily_revenue,
run_0036,5,Run data quality,Quality,success,2026-08-03T06:01:25.583933,2026-08-03T06:01:31.725148,6.141,11,11,quality_checks,
run_0037,1,Extract CRM customers,Extract,success,2026-08-03T05:03:00,2026-08-03T05:03:04.085887,4.086,0,406,crm_customers.csv,
run_0037,2,Load raw customers,Load,success,2026-08-03T05:03:04.085887,2026-08-03T05:03:08.967744,4.882,360,360,raw_customers,
run_0037,3,Build customer dimension,Transform,success,2026-08-03T05:03:08.967744,2026-08-03T05:03:13.090812,4.123,3872,1209,dim_customers,
run_0037,4,Run data quality,Quality,success,2026-08-03T05:03:13.090812,2026-08-03T05:03:17.293030,4.202,11,11,quality_checks,
run_0038,1,Read revenue mart,Extract,success,2026-08-03T07:08:00,2026-08-03T07:08:01.334758,1.335,0,350,mart_daily_revenue,
run_0038,2,Aggregate close metrics,Transform,success,2026-08-03T07:08:01.334758,2026-08-03T07:08:09.949382,8.615,3416,461,finance_close_summary,
run_0038,3,Reconcile daily totals,Quality,success,2026-08-03T07:08:09.949382,2026-08-03T07:08:11.882369,1.933,7,7,reconciliation,
run_0038,4,Publish close snapshot,Load,success,2026-08-03T07:08:11.882369,2026-08-03T07:08:21.037695,9.155,366,366,close_snapshot,
run_0039,1,Extract commerce orders,Extract,success,2026-08-04T06:06:00,2026-08-04T06:06:05.864250,5.864,0,3804,commerce_orders.csv,
run_0039,2,Load raw orders,Load,success,2026-08-04T06:06:05.864250,2026-08-04T06:06:10.265032,4.401,4092,4092,raw_orders,
run_0039,3,Transform order fact,Transform,success,2026-08-04T06:06:10.265032,2026-08-04T06:06:21.548592,11.284,3425,2783,fct_orders,
run_0039,4,Build revenue marts,Transform,success,2026-08-04T06:06:21.548592,2026-08-04T06:06:30.534875,8.986,3878,844,mart_daily_revenue,
run_0039,5,Run data quality,Quality,success,2026-08-04T06:06:30.534875,2026-08-04T06:06:34.272177,3.737,9,9,quality_checks,
run_0040,1,Extract CRM customers,Extract,success,2026-08-04T05:03:00,2026-08-04T05:03:03.244169,3.244,0,366,crm_customers.csv,
run_0040,2,Load raw customers,Load,success,2026-08-04T05:03:03.244169,2026-08-04T05:03:09.548798,6.305,399,399,raw_customers,
run_0040,3,Build customer dimension,Transform,success,2026-08-04T05:03:09.548798,2026-08-04T05:03:19.675975,10.127,2564,563,dim_customers,
run_0040,4,Run data quality,Quality,success,2026-08-04T05:03:19.675975,2026-08-04T05:03:21.191603,1.516,8,8,quality_checks,
run_0041,1,Read revenue mart,Extract,success,2026-08-04T07:08:00,2026-08-04T07:08:01.864787,1.865,0,372,mart_daily_revenue,
run_0041,2,Aggregate close metrics,Transform,success,2026-08-04T07:08:01.864787,2026-08-04T07:08:14.518361,12.654,2644,1852,finance_close_summary,
run_0041,3,Reconcile daily totals,Quality,success,2026-08-04T07:08:14.518361,2026-08-04T07:08:23.052370,8.534,12,12,reconciliation,
run_0041,4,Publish close snapshot,Load,success,2026-08-04T07:08:23.052370,2026-08-04T07:08:28.583274,5.531,384,384,close_snapshot,
run_0042,1,Extract commerce orders,Extract,success,2026-08-05T06:05:00,2026-08-05T06:05:03.660715,3.661,0,3488,commerce_orders.csv,
run_0042,2,Load raw orders,Load,success,2026-08-05T06:05:03.660715,2026-08-05T06:05:11.573759,7.913,3379,3379,raw_orders,
run_0042,3,Transform order fact,Transform,success,2026-08-05T06:05:11.573759,2026-08-05T06:05:21.900948,10.327,3562,3020,fct_orders,
run_0042,4,Build revenue marts,Transform,success,2026-08-05T06:05:21.900948,2026-08-05T06:05:31.015547,9.115,3631,3131,mart_daily_revenue,
run_0042,5,Run data quality,Quality,success,2026-08-05T06:05:31.015547,2026-08-05T06:05:34.260105,3.245,5,5,quality_checks,
run_0043,1,Extract CRM customers,Extract,success,2026-08-05T05:02:00,2026-08-05T05:02:03.371119,3.371,0,377,crm_customers.csv,
run_0043,2,Load raw customers,Load,success,2026-08-05T05:02:03.371119,2026-08-05T05:02:08.197716,4.827,417,417,raw_customers,
run_0043,3,Build customer dimension,Transform,success,2026-08-05T05:02:08.197716,2026-08-05T05:02:15.883786,7.686,3148,2152,dim_customers,
run_0043,4,Run data quality,Quality,success,2026-08-05T05:02:15.883786,2026-08-05T05:02:20.551754,4.668,12,12,quality_checks,
run_0044,1,Read revenue mart,Extract,success,2026-08-05T07:00:00,2026-08-05T07:00:05.854544,5.855,0,370,mart_daily_revenue,
run_0044,2,Aggregate close metrics,Transform,success,2026-08-05T07:00:05.854544,2026-08-05T07:00:15.534267,9.68,3879,267,finance_close_summary,
run_0044,3,Reconcile daily totals,Quality,success,2026-08-05T07:00:15.534267,2026-08-05T07:00:21.433609,5.899,10,10,reconciliation,
run_0044,4,Publish close snapshot,Load,success,2026-08-05T07:00:21.433609,2026-08-05T07:00:28.159417,6.726,422,422,close_snapshot,
run_0045,1,Extract commerce orders,Extract,success,2026-08-06T06:07:00,2026-08-06T06:07:04.696324,4.696,0,3303,commerce_orders.csv,
run_0045,2,Load raw orders,Load,success,2026-08-06T06:07:04.696324,2026-08-06T06:07:10.313443,5.617,3642,3642,raw_orders,
run_0045,3,Transform order fact,Transform,success,2026-08-06T06:07:10.313443,2026-08-06T06:07:19.918041,9.605,3921,809,fct_orders,
run_0045,4,Build revenue marts,Transform,success,2026-08-06T06:07:19.918041,2026-08-06T06:07:27.874870,7.957,3196,1005,mart_daily_revenue,
run_0045,5,Run data quality,Quality,success,2026-08-06T06:07:27.874870,2026-08-06T06:07:31.605702,3.731,5,5,quality_checks,
run_0046,1,Extract CRM customers,Extract,success,2026-08-06T05:05:00,2026-08-06T05:05:05.981190,5.981,0,380,crm_customers.csv,
run_0046,2,Load raw customers,Load,success,2026-08-06T05:05:05.981190,2026-08-06T05:05:13.603152,7.622,395,395,raw_customers,
run_0046,3,Build customer dimension,Transform,success,2026-08-06T05:05:13.603152,2026-08-06T05:05:20.161033,6.558,3556,1847,dim_customers,
run_0046,4,Run data quality,Quality,success,2026-08-06T05:05:20.161033,2026-08-06T05:05:29.930058,9.769,9,9,quality_checks,
run_0047,1,Read revenue mart,Extract,success,2026-08-06T07:07:00,2026-08-06T07:07:02.597657,2.598,0,355,mart_daily_revenue,
run_0047,2,Aggregate close metrics,Transform,success,2026-08-06T07:07:02.597657,2026-08-06T07:07:11.483629,8.886,3440,2157,finance_close_summary,
run_0047,3,Reconcile daily totals,Quality,success,2026-08-06T07:07:11.483629,2026-08-06T07:07:15.679135,4.196,9,9,reconciliation,
run_0047,4,Publish close snapshot,Load,success,2026-08-06T07:07:15.679135,2026-08-06T07:07:18.530532,2.851,400,400,close_snapshot,
run_0048,1,Extract commerce orders,Extract,success,2026-08-07T06:01:00,2026-08-07T06:01:05.210391,5.21,0,3394,commerce_orders.csv,
run_0048,2,Load raw orders,Load,success,2026-08-07T06:01:05.210391,2026-08-07T06:01:11.257069,6.047,3714,3714,raw_orders,
run_0048,3,Transform order fact,Transform,success,2026-08-07T06:01:11.257069,2026-08-07T06:01:18.513795,7.257,3429,1303,fct_orders,
run_0048,4,Build revenue marts,Transform,success,2026-08-07T06:01:18.513795,2026-08-07T06:01:27.324770,8.811,3629,1750,mart_daily_revenue,
run_0048,5,Run data quality,Quality,success,2026-08-07T06:01:27.324770,2026-08-07T06:01:32.167380,4.843,7,7,quality_checks,
run_0049,1,Extract CRM customers,Extract,success,2026-08-07T05:00:00,2026-08-07T05:00:04.144703,4.145,0,370,crm_customers.csv,
run_0049,2,Load raw customers,Load,success,2026-08-07T05:00:04.144703,2026-08-07T05:00:06.017254,1.873,380,380,raw_customers,
run_0049,3,Build customer dimension,Transform,success,2026-08-07T05:00:06.017254,2026-08-07T05:00:15.333814,9.317,3853,1496,dim_customers,
run_0049,4,Run data quality,Quality,success,2026-08-07T05:00:15.333814,2026-08-07T05:00:18.442542,3.109,10,10,quality_checks,
run_0050,1,Read revenue mart,Extract,success,2026-08-07T07:04:00,2026-08-07T07:04:03.297592,3.298,0,405,mart_daily_revenue,
run_0050,2,Aggregate close metrics,Transform,success,2026-08-07T07:04:03.297592,2026-08-07T07:04:12.398127,9.101,3934,799,finance_close_summary,
run_0050,3,Reconcile daily totals,Quality,success,2026-08-07T07:04:12.398127,2026-08-07T07:04:16.919526,4.521,5,5,reconciliation,
run_0050,4,Publish close snapshot,Load,success,2026-08-07T07:04:16.919526,2026-08-07T07:04:20.613049,3.694,419,419,close_snapshot,
run_0051,1,Extract commerce orders,Extract,success,2026-08-08T06:07:00,2026-08-08T06:07:02.279607,2.28,0,3556,commerce_orders.csv,
run_0051,2,Load raw orders,Load,success,2026-08-08T06:07:02.279607,2026-08-08T06:07:05.859138,3.58,3669,3669,raw_orders,
run_0051,3,Transform order fact,Transform,success,2026-08-08T06:07:05.859138,2026-08-08T06:07:14.118850,8.26,3602,1494,fct_orders,
run_0051,4,Build revenue marts,Transform,success,2026-08-08T06:07:14.118850,2026-08-08T06:07:21.525470,7.407,2982,2077,mart_daily_revenue,
run_0051,5,Run data quality,Quality,success,2026-08-08T06:07:21.525470,2026-08-08T06:07:27.842091,6.317,6,6,quality_checks,
run_0052,1,Extract CRM customers,Extract,success,2026-08-08T05:07:00,2026-08-08T05:07:04.876684,4.877,0,407,crm_customers.csv,
run_0052,2,Load raw customers,Load,success,2026-08-08T05:07:04.876684,2026-08-08T05:07:10.414878,5.538,376,376,raw_customers,
run_0052,3,Build customer dimension,Transform,success,2026-08-08T05:07:10.414878,2026-08-08T05:07:18.545100,8.13,2708,2556,dim_customers,
run_0052,4,Run data quality,Quality,success,2026-08-08T05:07:18.545100,2026-08-08T05:07:19.388791,0.844,5,5,quality_checks,
run_0053,1,Extract commerce orders,Extract,success,2026-08-09T06:05:00,2026-08-09T06:05:03.548964,3.549,0,3100,commerce_orders.csv,
run_0053,2,Load raw orders,Load,success,2026-08-09T06:05:03.548964,2026-08-09T06:05:10.804212,7.255,3437,3437,raw_orders,
run_0053,3,Transform order fact,Transform,success,2026-08-09T06:05:10.804212,2026-08-09T06:05:18.691921,7.888,3547,2404,fct_orders,
run_0053,4,Build revenue marts,Transform,success,2026-08-09T06:05:18.691921,2026-08-09T06:05:25.660120,6.968,3409,2304,mart_daily_revenue,
run_0053,5,Run data quality,Quality,success,2026-08-09T06:05:25.660120,2026-08-09T06:05:27.300753,1.641,5,5,quality_checks,
run_0054,1,Extract CRM customers,Extract,success,2026-08-09T05:02:00,2026-08-09T05:02:06.095396,6.095,0,360,crm_customers.csv,
run_0054,2,Load raw customers,Load,success,2026-08-09T05:02:06.095396,2026-08-09T05:02:14.585168,8.49,379,379,raw_customers,
run_0054,3,Build customer dimension,Transform,success,2026-08-09T05:02:14.585168,2026-08-09T05:02:21.420654,6.835,3359,2891,dim_customers,
run_0054,4,Run data quality,Quality,success,2026-08-09T05:02:21.420654,2026-08-09T05:02:25.700363,4.28,8,8,quality_checks,
run_0055,1,Extract commerce orders,Extract,success,2026-08-10T06:03:00,2026-08-10T06:03:05.827901,5.828,0,4090,commerce_orders.csv,
run_0055,2,Load raw orders,Load,success,2026-08-10T06:03:05.827901,2026-08-10T06:03:12.129449,6.302,3779,3779,raw_orders,
run_0055,3,Transform order fact,Transform,failed,2026-08-10T06:03:12.129449,2026-08-10T06:03:21.148141,9.019,3951,0,fct_orders,source freshness SLA exceeded
run_0055,4,Build revenue marts,Transform,skipped,2026-08-10T06:03:21.148141,2026-08-10T06:03:21.148141,0,0,0,mart_daily_revenue,
run_0055,5,Run data quality,Quality,skipped,2026-08-10T06:03:21.148141,2026-08-10T06:03:21.148141,0,0,0,quality_checks,
run_0056,1,Extract CRM customers,Extract,success,2026-08-10T05:04:00,2026-08-10T05:04:06.635004,6.635,0,371,crm_customers.csv,
run_0056,2,Load raw customers,Load,success,2026-08-10T05:04:06.635004,2026-08-10T05:04:10.952047,4.317,378,378,raw_customers,
run_0056,3,Build customer dimension,Transform,success,2026-08-10T05:04:10.952047,2026-08-10T05:04:18.770272,7.818,3535,2214,dim_customers,
run_0056,4,Run data quality,Quality,success,2026-08-10T05:04:18.770272,2026-08-10T05:04:23.836807,5.067,8,8,quality_checks,
run_0057,1,Read revenue mart,Extract,success,2026-08-10T07:02:00,2026-08-10T07:02:05.217265,5.217,0,396,mart_daily_revenue,
run_0057,2,Aggregate close metrics,Transform,success,2026-08-10T07:02:05.217265,2026-08-10T07:02:14.782523,9.565,3037,2383,finance_close_summary,
run_0057,3,Reconcile daily totals,Quality,success,2026-08-10T07:02:14.782523,2026-08-10T07:02:20.230795,5.448,11,11,reconciliation,
run_0057,4,Publish close snapshot,Load,success,2026-08-10T07:02:20.230795,2026-08-10T07:02:24.094333,3.864,355,355,close_snapshot,
run_0058,1,Extract commerce orders,Extract,success,2026-08-11T06:02:00,2026-08-11T06:02:02.608432,2.608,0,4057,commerce_orders.csv,
run_0058,2,Load raw orders,Load,success,2026-08-11T06:02:02.608432,2026-08-11T06:02:08.241675,5.633,2885,2885,raw_orders,
run_0058,3,Transform order fact,Transform,success,2026-08-11T06:02:08.241675,2026-08-11T06:02:17.913766,9.672,3811,1506,fct_orders,
run_0058,4,Build revenue marts,Transform,success,2026-08-11T06:02:17.913766,2026-08-11T06:02:23.496426,5.583,3787,1680,mart_daily_revenue,
run_0058,5,Run data quality,Quality,success,2026-08-11T06:02:23.496426,2026-08-11T06:02:28.993947,5.498,9,9,quality_checks,
run_0059,1,Extract CRM customers,Extract,success,2026-08-11T05:04:00,2026-08-11T05:04:03.683013,3.683,0,384,crm_customers.csv,
run_0059,2,Load raw customers,Load,success,2026-08-11T05:04:03.683013,2026-08-11T05:04:08.990018,5.307,404,404,raw_customers,
run_0059,3,Build customer dimension,Transform,success,2026-08-11T05:04:08.990018,2026-08-11T05:04:14.619770,5.63,3152,2167,dim_customers,
run_0059,4,Run data quality,Quality,success,2026-08-11T05:04:14.619770,2026-08-11T05:04:18.373745,3.754,5,5,quality_checks,
run_0060,1,Read revenue mart,Extract,success,2026-08-11T07:06:00,2026-08-11T07:06:01.925797,1.926,0,407,mart_daily_revenue,
run_0060,2,Aggregate close metrics,Transform,success,2026-08-11T07:06:01.925797,2026-08-11T07:06:09.893717,7.968,3461,3063,finance_close_summary,
run_0060,3,Reconcile daily totals,Quality,success,2026-08-11T07:06:09.893717,2026-08-11T07:06:13.352197,3.458,10,10,reconciliation,
run_0060,4,Publish close snapshot,Load,success,2026-08-11T07:06:13.352197,2026-08-11T07:06:17.467039,4.115,372,372,close_snapshot,
run_0061,1,Extract commerce orders,Extract,success,2026-08-12T06:05:00,2026-08-12T06:05:03.998023,3.998,0,3543,commerce_orders.csv,
run_0061,2,Load raw orders,Load,success,2026-08-12T06:05:03.998023,2026-08-12T06:05:05.581610,1.584,3048,3048,raw_orders,
run_0061,3,Transform order fact,Transform,success,2026-08-12T06:05:05.581610,2026-08-12T06:05:15.933284,10.352,2858,398,fct_orders,
run_0061,4,Build revenue marts,Transform,success,2026-08-12T06:05:15.933284,2026-08-12T06:05:23.011061,7.078,3714,1582,mart_daily_revenue,
run_0061,5,Run data quality,Quality,success,2026-08-12T06:05:23.011061,2026-08-12T06:05:27.484327,4.473,9,9,quality_checks,
run_0062,1,Extract CRM customers,Extract,success,2026-08-12T05:01:00,2026-08-12T05:01:06.165252,6.165,0,399,crm_customers.csv,
run_0062,2,Load raw customers,Load,success,2026-08-12T05:01:06.165252,2026-08-12T05:01:13.397132,7.232,417,417,raw_customers,
run_0062,3,Build customer dimension,Transform,success,2026-08-12T05:01:13.397132,2026-08-12T05:01:21.304901,7.908,3246,201,dim_customers,
run_0062,4,Run data quality,Quality,success,2026-08-12T05:01:21.304901,2026-08-12T05:01:23.394760,2.09,11,11,quality_checks,
run_0063,1,Read revenue mart,Extract,success,2026-08-12T07:04:00,2026-08-12T07:04:01.643220,1.643,0,359,mart_daily_revenue,
run_0063,2,Aggregate close metrics,Transform,success,2026-08-12T07:04:01.643220,2026-08-12T07:04:07.508304,5.865,3211,3153,finance_close_summary,
run_0063,3,Reconcile daily totals,Quality,success,2026-08-12T07:04:07.508304,2026-08-12T07:04:11.852877,4.345,8,8,reconciliation,
run_0063,4,Publish close snapshot,Load,success,2026-08-12T07:04:11.852877,2026-08-12T07:04:19.483556,7.631,376,376,close_snapshot,
run_0064,1,Extract commerce orders,Extract,success,2026-08-13T06:01:00,2026-08-13T06:01:03.373883,3.374,0,3936,commerce_orders.csv,
run_0064,2,Load raw orders,Load,success,2026-08-13T06:01:03.373883,2026-08-13T06:01:07.847237,4.473,3628,3628,raw_orders,
run_0064,3,Transform order fact,Transform,success,2026-08-13T06:01:07.847237,2026-08-13T06:01:17.211834,9.365,2906,3179,fct_orders,
run_0064,4,Build revenue marts,Transform,success,2026-08-13T06:01:17.211834,2026-08-13T06:01:23.984745,6.773,3959,2677,mart_daily_revenue,
run_0064,5,Run data quality,Quality,success,2026-08-13T06:01:23.984745,2026-08-13T06:01:29.170913,5.186,12,12,quality_checks,
run_0065,1,Extract CRM customers,Extract,success,2026-08-13T05:05:00,2026-08-13T05:05:05.870899,5.871,0,408,crm_customers.csv,
run_0065,2,Load raw customers,Load,success,2026-08-13T05:05:05.870899,2026-08-13T05:05:08.643087,2.772,403,403,raw_customers,
run_0065,3,Build customer dimension,Transform,success,2026-08-13T05:05:08.643087,2026-08-13T05:05:14.414450,5.771,2895,3192,dim_customers,
run_0065,4,Run data quality,Quality,success,2026-08-13T05:05:14.414450,2026-08-13T05:05:18.924231,4.51,5,5,quality_checks,
run_0066,1,Read revenue mart,Extract,success,2026-08-13T07:08:00,2026-08-13T07:08:04.447592,4.448,0,423,mart_daily_revenue,
run_0066,2,Aggregate close metrics,Transform,success,2026-08-13T07:08:04.447592,2026-08-13T07:08:13.871768,9.424,3203,2532,finance_close_summary,
run_0066,3,Reconcile daily totals,Quality,success,2026-08-13T07:08:13.871768,2026-08-13T07:08:22.608384,8.737,11,11,reconciliation,
run_0066,4,Publish close snapshot,Load,success,2026-08-13T07:08:22.608384,2026-08-13T07:08:27.963127,5.355,393,393,close_snapshot,
run_0067,1,Extract commerce orders,Extract,success,2026-08-14T06:07:00,2026-08-14T06:07:05.264887,5.265,0,3825,commerce_orders.csv,
run_0067,2,Load raw orders,Load,success,2026-08-14T06:07:05.264887,2026-08-14T06:07:10.211548,4.947,3640,3640,raw_orders,
run_0067,3,Transform order fact,Transform,success,2026-08-14T06:07:10.211548,2026-08-14T06:07:20.908789,10.697,3160,1829,fct_orders,
run_0067,4,Build revenue marts,Transform,success,2026-08-14T06:07:20.908789,2026-08-14T06:07:28.353610,7.445,2821,1426,mart_daily_revenue,
run_0067,5,Run data quality,Quality,success,2026-08-14T06:07:28.353610,2026-08-14T06:07:33.594966,5.241,10,10,quality_checks,
run_0068,1,Extract CRM customers,Extract,success,2026-08-14T05:07:00,2026-08-14T05:07:02.213368,2.213,0,378,crm_customers.csv,
run_0068,2,Load raw customers,Load,success,2026-08-14T05:07:02.213368,2026-08-14T05:07:05.221192,3.008,412,412,raw_customers,
run_0068,3,Build customer dimension,Transform,success,2026-08-14T05:07:05.221192,2026-08-14T05:07:14.565980,9.345,3225,2177,dim_customers,
run_0068,4,Run data quality,Quality,success,2026-08-14T05:07:14.565980,2026-08-14T05:07:17.726858,3.161,5,5,quality_checks,
run_0069,1,Read revenue mart,Extract,success,2026-08-14T07:02:00,2026-08-14T07:02:04.180472,4.18,0,425,mart_daily_revenue,
run_0069,2,Aggregate close metrics,Transform,success,2026-08-14T07:02:04.180472,2026-08-14T07:02:16.042482,11.862,2933,997,finance_close_summary,
run_0069,3,Reconcile daily totals,Quality,success,2026-08-14T07:02:16.042482,2026-08-14T07:02:23.156804,7.114,7,7,reconciliation,
run_0069,4,Publish close snapshot,Load,success,2026-08-14T07:02:23.156804,2026-08-14T07:02:29.637551,6.481,428,428,close_snapshot,
run_0070,1,Extract commerce orders,Extract,success,2026-08-15T06:08:00,2026-08-15T06:08:03.676246,3.676,0,3676,commerce_orders.csv,
run_0070,2,Load raw orders,Load,success,2026-08-15T06:08:03.676246,2026-08-15T06:08:06.548532,2.872,3209,3209,raw_orders,
run_0070,3,Transform order fact,Transform,success,2026-08-15T06:08:06.548532,2026-08-15T06:08:15.505984,8.957,3513,2230,fct_orders,
run_0070,4,Build revenue marts,Transform,success,2026-08-15T06:08:15.505984,2026-08-15T06:08:19.839479,4.333,3312,2479,mart_daily_revenue,
run_0070,5,Run data quality,Quality,success,2026-08-15T06:08:19.839479,2026-08-15T06:08:22.131250,2.292,8,8,quality_checks,
run_0071,1,Extract CRM customers,Extract,failed,2026-08-15T05:07:00,2026-08-15T05:07:04.557495,4.557,0,0,crm_customers.csv,source freshness SLA exceeded
run_0071,2,Load raw customers,Load,skipped,2026-08-15T05:07:04.557495,2026-08-15T05:07:04.557495,0,0,0,raw_customers,
run_0071,3,Build customer dimension,Transform,skipped,2026-08-15T05:07:04.557495,2026-08-15T05:07:04.557495,0,0,0,dim_customers,
run_0071,4,Run data quality,Quality,skipped,2026-08-15T05:07:04.557495,2026-08-15T05:07:04.557495,0,0,0,quality_checks,
run_0072,1,Extract commerce orders,Extract,success,2026-08-16T06:03:00,2026-08-16T06:03:04.228793,4.229,0,3336,commerce_orders.csv,
run_0072,2,Load raw orders,Load,success,2026-08-16T06:03:04.228793,2026-08-16T06:03:11.556233,7.327,3598,3598,raw_orders,
run_0072,3,Transform order fact,Transform,success,2026-08-16T06:03:11.556233,2026-08-16T06:03:21.655011,10.099,3233,1174,fct_orders,
run_0072,4,Build revenue marts,Transform,success,2026-08-16T06:03:21.655011,2026-08-16T06:03:31.025233,9.37,3560,2844,mart_daily_revenue,
run_0072,5,Run data quality,Quality,success,2026-08-16T06:03:31.025233,2026-08-16T06:03:34.518163,3.493,5,5,quality_checks,
run_0073,1,Extract CRM customers,Extract,success,2026-08-16T05:04:00,2026-08-16T05:04:04.208353,4.208,0,393,crm_customers.csv,
run_0073,2,Load raw customers,Load,success,2026-08-16T05:04:04.208353,2026-08-16T05:04:11.148136,6.94,398,398,raw_customers,
run_0073,3,Build customer dimension,Transform,success,2026-08-16T05:04:11.148136,2026-08-16T05:04:18.164347,7.016,2694,705,dim_customers,
run_0073,4,Run data quality,Quality,success,2026-08-16T05:04:18.164347,2026-08-16T05:04:24.714756,6.55,10,10,quality_checks,
run_0074,1,Extract commerce orders,Extract,success,2026-08-17T06:04:00,2026-08-17T06:04:05.133074,5.133,0,3731,commerce_orders.csv,
run_0074,2,Load raw orders,Load,success,2026-08-17T06:04:05.133074,2026-08-17T06:04:13.649297,8.516,3539,3539,raw_orders,
run_0074,3,Transform order fact,Transform,success,2026-08-17T06:04:13.649297,2026-08-17T06:04:24.184795,10.535,3331,1987,fct_orders,
run_0074,4,Build revenue marts,Transform,success,2026-08-17T06:04:24.184795,2026-08-17T06:04:33.279753,9.095,3956,1613,mart_daily_revenue,
run_0074,5,Run data quality,Quality,success,2026-08-17T06:04:33.279753,2026-08-17T06:04:36.914940,3.635,6,6,quality_checks,
run_0075,1,Extract CRM customers,Extract,success,2026-08-17T05:07:00,2026-08-17T05:07:05.015913,5.016,0,371,crm_customers.csv,
run_0075,2,Load raw customers,Load,success,2026-08-17T05:07:05.015913,2026-08-17T05:07:10.213178,5.197,390,390,raw_customers,
run_0075,3,Build customer dimension,Transform,success,2026-08-17T05:07:10.213178,2026-08-17T05:07:20.525668,10.312,2723,2272,dim_customers,
run_0075,4,Run data quality,Quality,success,2026-08-17T05:07:20.525668,2026-08-17T05:07:20.925668,0.4,10,10,quality_checks,
run_0076,1,Read revenue mart,Extract,success,2026-08-17T07:05:00,2026-08-17T07:05:04.445634,4.446,0,383,mart_daily_revenue,
run_0076,2,Aggregate close metrics,Transform,success,2026-08-17T07:05:04.445634,2026-08-17T07:05:13.098657,8.653,3040,1993,finance_close_summary,
run_0076,3,Reconcile daily totals,Quality,success,2026-08-17T07:05:13.098657,2026-08-17T07:05:15.916252,2.818,11,11,reconciliation,
run_0076,4,Publish close snapshot,Load,success,2026-08-17T07:05:15.916252,2026-08-17T07:05:21.026524,5.11,366,366,close_snapshot,
run_0077,1,Extract commerce orders,Extract,success,2026-08-18T06:07:00,2026-08-18T06:07:03.470656,3.471,0,3862,commerce_orders.csv,
run_0077,2,Load raw orders,Load,success,2026-08-18T06:07:03.470656,2026-08-18T06:07:07.670741,4.2,2872,2872,raw_orders,
run_0077,3,Transform order fact,Transform,success,2026-08-18T06:07:07.670741,2026-08-18T06:07:12.715664,5.045,4092,783,fct_orders,
run_0077,4,Build revenue marts,Transform,success,2026-08-18T06:07:12.715664,2026-08-18T06:07:20.844565,8.129,2599,2684,mart_daily_revenue,
run_0077,5,Run data quality,Quality,success,2026-08-18T06:07:20.844565,2026-08-18T06:07:24.569241,3.725,9,9,quality_checks,
run_0078,1,Extract CRM customers,Extract,success,2026-08-18T05:05:00,2026-08-18T05:05:03.368777,3.369,0,398,crm_customers.csv,
run_0078,2,Load raw customers,Load,success,2026-08-18T05:05:03.368777,2026-08-18T05:05:09.180508,5.812,407,407,raw_customers,
run_0078,3,Build customer dimension,Transform,success,2026-08-18T05:05:09.180508,2026-08-18T05:05:13.939161,4.759,3079,329,dim_customers,
run_0078,4,Run data quality,Quality,success,2026-08-18T05:05:13.939161,2026-08-18T05:05:15.495806,1.557,9,9,quality_checks,
run_0079,1,Read revenue mart,Extract,success,2026-08-18T07:08:00,2026-08-18T07:08:04.287153,4.287,0,400,mart_daily_revenue,
run_0079,2,Aggregate close metrics,Transform,success,2026-08-18T07:08:04.287153,2026-08-18T07:08:12.966051,8.679,2630,838,finance_close_summary,
run_0079,3,Reconcile daily totals,Quality,success,2026-08-18T07:08:12.966051,2026-08-18T07:08:13.953448,0.987,6,6,reconciliation,
run_0079,4,Publish close snapshot,Load,success,2026-08-18T07:08:13.953448,2026-08-18T07:08:21.633085,7.68,423,423,close_snapshot,
run_0080,1,Extract commerce orders,Extract,success,2026-08-19T06:02:00,2026-08-19T06:02:04.886674,4.887,0,3176,commerce_orders.csv,
run_0080,2,Load raw orders,Load,success,2026-08-19T06:02:04.886674,2026-08-19T06:02:15.892862,11.006,2894,2894,raw_orders,
run_0080,3,Transform order fact,Transform,success,2026-08-19T06:02:15.892862,2026-08-19T06:02:23.424514,7.532,2566,1578,fct_orders,
run_0080,4,Build revenue marts,Transform,success,2026-08-19T06:02:23.424514,2026-08-19T06:02:30.591804,7.167,3784,1727,mart_daily_revenue,
run_0080,5,Run data quality,Quality,success,2026-08-19T06:02:30.591804,2026-08-19T06:02:31.613069,1.021,7,7,quality_checks,
run_0081,1,Extract CRM customers,Extract,success,2026-08-19T05:00:00,2026-08-19T05:00:03.638116,3.638,0,398,crm_customers.csv,
run_0081,2,Load raw customers,Load,success,2026-08-19T05:00:03.638116,2026-08-19T05:00:12.665581,9.027,429,429,raw_customers,
run_0081,3,Build customer dimension,Transform,success,2026-08-19T05:00:12.665581,2026-08-19T05:00:20.352007,7.686,4041,314,dim_customers,
run_0081,4,Run data quality,Quality,success,2026-08-19T05:00:20.352007,2026-08-19T05:00:22.293110,1.941,12,12,quality_checks,
run_0082,1,Read revenue mart,Extract,success,2026-08-19T07:04:00,2026-08-19T07:04:04.183886,4.184,0,392,mart_daily_revenue,
run_0082,2,Aggregate close metrics,Transform,success,2026-08-19T07:04:04.183886,2026-08-19T07:04:14.957462,10.774,3252,2824,finance_close_summary,
run_0082,3,Reconcile daily totals,Quality,success,2026-08-19T07:04:14.957462,2026-08-19T07:04:17.301161,2.344,6,6,reconciliation,
run_0082,4,Publish close snapshot,Load,success,2026-08-19T07:04:17.301161,2026-08-19T07:04:19.934019,2.633,406,406,close_snapshot,
run_0083,1,Extract commerce orders,Extract,success,2026-08-20T06:06:00,2026-08-20T06:06:03.839365,3.839,0,2968,commerce_orders.csv,
run_0083,2,Load raw orders,Load,success,2026-08-20T06:06:03.839365,2026-08-20T06:06:09.687357,5.848,3542,3542,raw_orders,
run_0083,3,Transform order fact,Transform,success,2026-08-20T06:06:09.687357,2026-08-20T06:06:16.786841,7.099,4000,850,fct_orders,
run_0083,4,Build revenue marts,Transform,success,2026-08-20T06:06:16.786841,2026-08-20T06:06:26.394309,9.607,3054,3096,mart_daily_revenue,
run_0083,5,Run data quality,Quality,success,2026-08-20T06:06:26.394309,2026-08-20T06:06:31.501392,5.107,6,6,quality_checks,
run_0084,1,Extract CRM customers,Extract,success,2026-08-20T05:00:00,2026-08-20T05:00:05.088947,5.089,0,393,crm_customers.csv,
run_0084,2,Load raw customers,Load,success,2026-08-20T05:00:05.088947,2026-08-20T05:00:09.231293,4.142,389,389,raw_customers,
run_0084,3,Build customer dimension,Transform,success,2026-08-20T05:00:09.231293,2026-08-20T05:00:16.753247,7.522,3918,2517,dim_customers,
run_0084,4,Run data quality,Quality,success,2026-08-20T05:00:16.753247,2026-08-20T05:00:20.871100,4.118,12,12,quality_checks,
run_0085,1,Read revenue mart,Extract,success,2026-08-20T07:02:00,2026-08-20T07:02:02.213274,2.213,0,394,mart_daily_revenue,
run_0085,2,Aggregate close metrics,Transform,success,2026-08-20T07:02:02.213274,2026-08-20T07:02:13.415872,11.203,3355,1800,finance_close_summary,
run_0085,3,Reconcile daily totals,Quality,success,2026-08-20T07:02:13.415872,2026-08-20T07:02:21.496285,8.08,7,7,reconciliation,
run_0085,4,Publish close snapshot,Load,success,2026-08-20T07:02:21.496285,2026-08-20T07:02:28.242583,6.746,354,354,close_snapshot,
run_0086,1,Extract commerce orders,Extract,success,2026-08-21T06:04:00,2026-08-21T06:04:04.400983,4.401,0,3481,commerce_orders.csv,
run_0086,2,Load raw orders,Load,success,2026-08-21T06:04:04.400983,2026-08-21T06:04:11.093980,6.693,3578,3578,raw_orders,
run_0086,3,Transform order fact,Transform,success,2026-08-21T06:04:11.093980,2026-08-21T06:04:18.476791,7.383,3820,1312,fct_orders,
run_0086,4,Build revenue marts,Transform,failed,2026-08-21T06:04:18.476791,2026-08-21T06:04:25.822609,7.346,2681,0,mart_daily_revenue,accepted-values check failed
run_0086,5,Run data quality,Quality,skipped,2026-08-21T06:04:25.822609,2026-08-21T06:04:25.822609,0,0,0,quality_checks,
run_0087,1,Extract CRM customers,Extract,success,2026-08-21T05:06:00,2026-08-21T05:06:03.572783,3.573,0,422,crm_customers.csv,
run_0087,2,Load raw customers,Load,success,2026-08-21T05:06:03.572783,2026-08-21T05:06:09.543215,5.97,396,396,raw_customers,
run_0087,3,Build customer dimension,Transform,success,2026-08-21T05:06:09.543215,2026-08-21T05:06:17.231449,7.688,2614,2262,dim_customers,
run_0087,4,Run data quality,Quality,success,2026-08-21T05:06:17.231449,2026-08-21T05:06:20.457884,3.226,9,9,quality_checks,
run_0088,1,Read revenue mart,Extract,success,2026-08-21T07:00:00,2026-08-21T07:00:06.720358,6.72,0,360,mart_daily_revenue,
run_0088,2,Aggregate close metrics,Transform,success,2026-08-21T07:00:06.720358,2026-08-21T07:00:15.610403,8.89,3665,179,finance_close_summary,
run_0088,3,Reconcile daily totals,Quality,success,2026-08-21T07:00:15.610403,2026-08-21T07:00:16.219282,0.609,8,8,reconciliation,
run_0088,4,Publish close snapshot,Load,success,2026-08-21T07:00:16.219282,2026-08-21T07:00:22.708703,6.489,378,378,close_snapshot,
run_0089,1,Extract commerce orders,Extract,success,2026-08-22T06:08:00,2026-08-22T06:08:02.279199,2.279,0,3294,commerce_orders.csv,
run_0089,2,Load raw orders,Load,success,2026-08-22T06:08:02.279199,2026-08-22T06:08:07.233320,4.954,3194,3194,raw_orders,
run_0089,3,Transform order fact,Transform,success,2026-08-22T06:08:07.233320,2026-08-22T06:08:14.443488,7.21,3699,928,fct_orders,
run_0089,4,Build revenue marts,Transform,success,2026-08-22T06:08:14.443488,2026-08-22T06:08:24.122876,9.679,3962,3161,mart_daily_revenue,
run_0089,5,Run data quality,Quality,success,2026-08-22T06:08:24.122876,2026-08-22T06:08:25.713268,1.59,11,11,quality_checks,
run_0090,1,Extract CRM customers,Extract,success,2026-08-22T05:04:00,2026-08-22T05:04:00.400000,0.4,0,409,crm_customers.csv,
run_0090,2,Load raw customers,Load,success,2026-08-22T05:04:00.400000,2026-08-22T05:04:04.500967,4.101,401,401,raw_customers,
run_0090,3,Build customer dimension,Transform,success,2026-08-22T05:04:04.500967,2026-08-22T05:04:14.040214,9.539,3187,354,dim_customers,
run_0090,4,Run data quality,Quality,success,2026-08-22T05:04:14.040214,2026-08-22T05:04:18.580206,4.54,9,9,quality_checks,
run_0091,1,Extract commerce orders,Extract,success,2026-08-23T06:07:00,2026-08-23T06:07:02.249736,2.25,0,3767,commerce_orders.csv,
run_0091,2,Load raw orders,Load,success,2026-08-23T06:07:02.249736,2026-08-23T06:07:05.881474,3.632,3764,3764,raw_orders,
run_0091,3,Transform order fact,Transform,success,2026-08-23T06:07:05.881474,2026-08-23T06:07:16.579654,10.698,3244,2009,fct_orders,
run_0091,4,Build revenue marts,Transform,success,2026-08-23T06:07:16.579654,2026-08-23T06:07:23.188813,6.609,2796,2785,mart_daily_revenue,
run_0091,5,Run data quality,Quality,success,2026-08-23T06:07:23.188813,2026-08-23T06:07:24.309107,1.12,9,9,quality_checks,
run_0092,1,Extract CRM customers,Extract,success,2026-08-23T05:07:00,2026-08-23T05:07:04.685291,4.685,0,395,crm_customers.csv,
run_0092,2,Load raw customers,Load,success,2026-08-23T05:07:04.685291,2026-08-23T05:07:10.473981,5.789,376,376,raw_customers,
run_0092,3,Build customer dimension,Transform,success,2026-08-23T05:07:10.473981,2026-08-23T05:07:19.919579,9.446,3513,636,dim_customers,
run_0092,4,Run data quality,Quality,success,2026-08-23T05:07:19.919579,2026-08-23T05:07:22.738676,2.819,5,5,quality_checks,
run_0093,1,Extract commerce orders,Extract,success,2026-08-24T06:05:00,2026-08-24T06:05:04.531852,4.532,0,3343,commerce_orders.csv,
run_0093,2,Load raw orders,Load,success,2026-08-24T06:05:04.531852,2026-08-24T06:05:06.915699,2.384,3502,3502,raw_orders,
run_0093,3,Transform order fact,Transform,success,2026-08-24T06:05:06.915699,2026-08-24T06:05:16.546379,9.631,3810,2106,fct_orders,
run_0093,4,Build revenue marts,Transform,success,2026-08-24T06:05:16.546379,2026-08-24T06:05:25.176909,8.631,2960,1642,mart_daily_revenue,
run_0093,5,Run data quality,Quality,success,2026-08-24T06:05:25.176909,2026-08-24T06:05:31.635466,6.459,11,11,quality_checks,
run_0094,1,Extract CRM customers,Extract,success,2026-08-24T05:01:00,2026-08-24T05:01:06.405049,6.405,0,420,crm_customers.csv,
run_0094,2,Load raw customers,Load,success,2026-08-24T05:01:06.405049,2026-08-24T05:01:10.180488,3.775,423,423,raw_customers,
run_0094,3,Build customer dimension,Transform,success,2026-08-24T05:01:10.180488,2026-08-24T05:01:15.542449,5.362,3675,592,dim_customers,
run_0094,4,Run data quality,Quality,success,2026-08-24T05:01:15.542449,2026-08-24T05:01:16.854732,1.312,12,12,quality_checks,
run_0095,1,Read revenue mart,Extract,success,2026-08-24T07:02:00,2026-08-24T07:02:05.328288,5.328,0,370,mart_daily_revenue,
run_0095,2,Aggregate close metrics,Transform,success,2026-08-24T07:02:05.328288,2026-08-24T07:02:12.900969,7.573,2530,423,finance_close_summary,
run_0095,3,Reconcile daily totals,Quality,success,2026-08-24T07:02:12.900969,2026-08-24T07:02:14.401438,1.5,11,11,reconciliation,
run_0095,4,Publish close snapshot,Load,success,2026-08-24T07:02:14.401438,2026-08-24T07:02:20.921447,6.52,388,388,close_snapshot,
run_0096,1,Extract commerce orders,Extract,success,2026-08-25T06:01:00,2026-08-25T06:01:03.188309,3.188,0,3566,commerce_orders.csv,
run_0096,2,Load raw orders,Load,success,2026-08-25T06:01:03.188309,2026-08-25T06:01:09.234755,6.046,3026,3026,raw_orders,
run_0096,3,Transform order fact,Transform,success,2026-08-25T06:01:09.234755,2026-08-25T06:01:21.403584,12.169,3156,2807,fct_orders,
run_0096,4,Build revenue marts,Transform,success,2026-08-25T06:01:21.403584,2026-08-25T06:01:30.511385,9.108,2572,1140,mart_daily_revenue,
run_0096,5,Run data quality,Quality,success,2026-08-25T06:01:30.511385,2026-08-25T06:01:33.891195,3.38,5,5,quality_checks,
run_0097,1,Extract CRM customers,Extract,success,2026-08-25T05:07:00,2026-08-25T05:07:05.113044,5.113,0,401,crm_customers.csv,
run_0097,2,Load raw customers,Load,success,2026-08-25T05:07:05.113044,2026-08-25T05:07:11.743909,6.631,401,401,raw_customers,
run_0097,3,Build customer dimension,Transform,success,2026-08-25T05:07:11.743909,2026-08-25T05:07:20.837277,9.093,3539,2532,dim_customers,
run_0097,4,Run data quality,Quality,success,2026-08-25T05:07:20.837277,2026-08-25T05:07:23.705938,2.869,7,7,quality_checks,
run_0098,1,Read revenue mart,Extract,success,2026-08-25T07:00:00,2026-08-25T07:00:03.279345,3.279,0,402,mart_daily_revenue,
run_0098,2,Aggregate close metrics,Transform,success,2026-08-25T07:00:03.279345,2026-08-25T07:00:10.108656,6.829,3368,1222,finance_close_summary,
run_0098,3,Reconcile daily totals,Quality,success,2026-08-25T07:00:10.108656,2026-08-25T07:00:15.672057,5.563,10,10,reconciliation,
run_0098,4,Publish close snapshot,Load,success,2026-08-25T07:00:15.672057,2026-08-25T07:00:23.468621,7.797,421,421,close_snapshot,
run_0099,1,Extract commerce orders,Extract,success,2026-08-26T06:08:00,2026-08-26T06:08:02.287422,2.287,0,3554,commerce_orders.csv,
run_0099,2,Load raw orders,Load,success,2026-08-26T06:08:02.287422,2026-08-26T06:08:10.176669,7.889,2865,2865,raw_orders,
run_0099,3,Transform order fact,Transform,success,2026-08-26T06:08:10.176669,2026-08-26T06:08:18.016520,7.84,3838,2368,fct_orders,
run_0099,4,Build revenue marts,Transform,success,2026-08-26T06:08:18.016520,2026-08-26T06:08:26.929931,8.913,3311,1692,mart_daily_revenue,
run_0099,5,Run data quality,Quality,success,2026-08-26T06:08:26.929931,2026-08-26T06:08:30.426923,3.497,8,8,quality_checks,
run_0100,1,Extract CRM customers,Extract,success,2026-08-26T05:05:00,2026-08-26T05:05:03.637287,3.637,0,419,crm_customers.csv,
run_0100,2,Load raw customers,Load,success,2026-08-26T05:05:03.637287,2026-08-26T05:05:06.780479,3.143,410,410,raw_customers,
run_0100,3,Build customer dimension,Transform,success,2026-08-26T05:05:06.780479,2026-08-26T05:05:16.343707,9.563,2520,2198,dim_customers,
run_0100,4,Run data quality,Quality,success,2026-08-26T05:05:16.343707,2026-08-26T05:05:23.491232,7.148,11,11,quality_checks,
run_0101,1,Read revenue mart,Extract,success,2026-08-26T07:03:00,2026-08-26T07:03:05.082705,5.083,0,351,mart_daily_revenue,
run_0101,2,Aggregate close metrics,Transform,success,2026-08-26T07:03:05.082705,2026-08-26T07:03:14.189150,9.106,3231,2192,finance_close_summary,
run_0101,3,Reconcile daily totals,Quality,success,2026-08-26T07:03:14.189150,2026-08-26T07:03:16.056166,1.867,9,9,reconciliation,
run_0101,4,Publish close snapshot,Load,success,2026-08-26T07:03:16.056166,2026-08-26T07:03:21.701568,5.645,386,386,close_snapshot,
run_0102,1,Extract commerce orders,Extract,success,2026-08-27T06:01:00,2026-08-27T06:01:04.596065,4.596,0,3167,commerce_orders.csv,
run_0102,2,Load raw orders,Load,success,2026-08-27T06:01:04.596065,2026-08-27T06:01:07.816066,3.22,3458,3458,raw_orders,
run_0102,3,Transform order fact,Transform,success,2026-08-27T06:01:07.816066,2026-08-27T06:01:18.711183,10.895,3334,2829,fct_orders,
run_0102,4,Build revenue marts,Transform,success,2026-08-27T06:01:18.711183,2026-08-27T06:01:28.941182,10.23,3597,671,mart_daily_revenue,
run_0102,5,Run data quality,Quality,success,2026-08-27T06:01:28.941182,2026-08-27T06:01:34.676448,5.735,10,10,quality_checks,
run_0103,1,Extract CRM customers,Extract,success,2026-08-27T05:02:00,2026-08-27T05:02:04.431832,4.432,0,367,crm_customers.csv,
run_0103,2,Load raw customers,Load,success,2026-08-27T05:02:04.431832,2026-08-27T05:02:11.248958,6.817,371,371,raw_customers,
run_0103,3,Build customer dimension,Transform,success,2026-08-27T05:02:11.248958,2026-08-27T05:02:20.978433,9.729,3900,2558,dim_customers,
run_0103,4,Run data quality,Quality,success,2026-08-27T05:02:20.978433,2026-08-27T05:02:26.300687,5.322,11,11,quality_checks,
run_0104,1,Read revenue mart,Extract,success,2026-08-27T07:07:00,2026-08-27T07:07:05.819849,5.82,0,383,mart_daily_revenue,
run_0104,2,Aggregate close metrics,Transform,success,2026-08-27T07:07:05.819849,2026-08-27T07:07:13.599402,7.78,3617,1073,finance_close_summary,
run_0104,3,Reconcile daily totals,Quality,success,2026-08-27T07:07:13.599402,2026-08-27T07:07:18.197345,4.598,9,9,reconciliation,
run_0104,4,Publish close snapshot,Load,success,2026-08-27T07:07:18.197345,2026-08-27T07:07:24.504263,6.307,418,418,close_snapshot,
run_0105,1,Extract commerce orders,Extract,success,2026-08-28T06:00:00,2026-08-28T06:00:03.213295,3.213,0,3614,commerce_orders.csv,
run_0105,2,Load raw orders,Load,success,2026-08-28T06:00:03.213295,2026-08-28T06:00:08.720995,5.508,3494,3494,raw_orders,
run_0105,3,Transform order fact,Transform,success,2026-08-28T06:00:08.720995,2026-08-28T06:00:14.193932,5.473,2964,2818,fct_orders,
run_0105,4,Build revenue marts,Transform,success,2026-08-28T06:00:14.193932,2026-08-28T06:00:21.235321,7.041,3580,2896,mart_daily_revenue,
run_0105,5,Run data quality,Quality,success,2026-08-28T06:00:21.235321,2026-08-28T06:00:26.002237,4.767,11,11,quality_checks,
run_0106,1,Extract CRM customers,Extract,success,2026-08-28T05:06:00,2026-08-28T05:06:01.954204,1.954,0,418,crm_customers.csv,
run_0106,2,Load raw customers,Load,success,2026-08-28T05:06:01.954204,2026-08-28T05:06:05.228575,3.274,404,404,raw_customers,
run_0106,3,Build customer dimension,Transform,success,2026-08-28T05:06:05.228575,2026-08-28T05:06:15.699222,10.471,3741,2206,dim_customers,
run_0106,4,Run data quality,Quality,success,2026-08-28T05:06:15.699222,2026-08-28T05:06:23.078212,7.379,10,10,quality_checks,
run_0107,1,Read revenue mart,Extract,success,2026-08-28T07:08:00,2026-08-28T07:08:05.705039,5.705,0,401,mart_daily_revenue,
run_0107,2,Aggregate close metrics,Transform,success,2026-08-28T07:08:05.705039,2026-08-28T07:08:15.517716,9.813,3259,1787,finance_close_summary,
run_0107,3,Reconcile daily totals,Quality,success,2026-08-28T07:08:15.517716,2026-08-28T07:08:20.025796,4.508,7,7,reconciliation,
run_0107,4,Publish close snapshot,Load,success,2026-08-28T07:08:20.025796,2026-08-28T07:08:26.638946,6.613,368,368,close_snapshot,
run_0108,1,Extract commerce orders,Extract,success,2026-08-29T06:06:00,2026-08-29T06:06:04.110075,4.11,0,3365,commerce_orders.csv,
run_0108,2,Load raw orders,Load,success,2026-08-29T06:06:04.110075,2026-08-29T06:06:08.511082,4.401,3178,3178,raw_orders,
run_0108,3,Transform order fact,Transform,success,2026-08-29T06:06:08.511082,2026-08-29T06:06:16.041319,7.53,3522,559,fct_orders,
run_0108,4,Build revenue marts,Transform,success,2026-08-29T06:06:16.041319,2026-08-29T06:06:25.552500,9.511,3824,786,mart_daily_revenue,
run_0108,5,Run data quality,Quality,success,2026-08-29T06:06:25.552500,2026-08-29T06:06:30.180122,4.628,9,9,quality_checks,
run_0109,1,Extract CRM customers,Extract,success,2026-08-29T05:06:00,2026-08-29T05:06:01.179669,1.18,0,382,crm_customers.csv,
run_0109,2,Load raw customers,Load,success,2026-08-29T05:06:01.179669,2026-08-29T05:06:05.139552,3.96,396,396,raw_customers,
run_0109,3,Build customer dimension,Transform,success,2026-08-29T05:06:05.139552,2026-08-29T05:06:11.194742,6.055,3295,1561,dim_customers,
run_0109,4,Run data quality,Quality,success,2026-08-29T05:06:11.194742,2026-08-29T05:06:16.420827,5.226,8,8,quality_checks,
run_0110,1,Extract commerce orders,Extract,success,2026-08-30T06:00:00,2026-08-30T06:00:04.166479,4.166,0,3651,commerce_orders.csv,
run_0110,2,Load raw orders,Load,success,2026-08-30T06:00:04.166479,2026-08-30T06:00:10.313593,6.147,3745,3745,raw_orders,
run_0110,3,Transform order fact,Transform,success,2026-08-30T06:00:10.313593,2026-08-30T06:00:19.638940,9.325,3096,1510,fct_orders,
run_0110,4,Build revenue marts,Transform,success,2026-08-30T06:00:19.638940,2026-08-30T06:00:27.637027,7.998,2664,1042,mart_daily_revenue,
run_0110,5,Run data quality,Quality,success,2026-08-30T06:00:27.637027,2026-08-30T06:00:34.478280,6.841,8,8,quality_checks,
run_0111,1,Extract CRM customers,Extract,success,2026-08-30T05:01:00,2026-08-30T05:01:01.384286,1.384,0,380,crm_customers.csv,
run_0111,2,Load raw customers,Load,success,2026-08-30T05:01:01.384286,2026-08-30T05:01:04.138558,2.754,374,374,raw_customers,
run_0111,3,Build customer dimension,Transform,success,2026-08-30T05:01:04.138558,2026-08-30T05:01:12.032393,7.894,3452,853,dim_customers,
run_0111,4,Run data quality,Quality,success,2026-08-30T05:01:12.032393,2026-08-30T05:01:14.145418,2.113,10,10,quality_checks,
run_0112,1,Extract commerce orders,Extract,success,2026-08-31T06:01:00,2026-08-31T06:01:03.454239,3.454,0,3641,commerce_orders.csv,
run_0112,2,Load raw orders,Load,success,2026-08-31T06:01:03.454239,2026-08-31T06:01:08.208991,4.755,3117,3117,raw_orders,
run_0112,3,Transform order fact,Transform,success,2026-08-31T06:01:08.208991,2026-08-31T06:01:18.742049,10.533,2946,380,fct_orders,
run_0112,4,Build revenue marts,Transform,success,2026-08-31T06:01:18.742049,2026-08-31T06:01:28.977546,10.235,3780,2671,mart_daily_revenue,
run_0112,5,Run data quality,Quality,success,2026-08-31T06:01:28.977546,2026-08-31T06:01:30.347349,1.37,12,12,quality_checks,
run_0113,1,Extract CRM customers,Extract,success,2026-08-31T05:01:00,2026-08-31T05:01:04.210129,4.21,0,373,crm_customers.csv,
run_0113,2,Load raw customers,Load,success,2026-08-31T05:01:04.210129,2026-08-31T05:01:07.512558,3.302,394,394,raw_customers,
run_0113,3,Build customer dimension,Transform,success,2026-08-31T05:01:07.512558,2026-08-31T05:01:15.959359,8.447,3577,3192,dim_customers,
run_0113,4,Run data quality,Quality,success,2026-08-31T05:01:15.959359,2026-08-31T05:01:18.548556,2.589,11,11,quality_checks,
run_0114,1,Read revenue mart,Extract,success,2026-08-31T07:01:00,2026-08-31T07:01:01.959316,1.959,0,386,mart_daily_revenue,
run_0114,2,Aggregate close metrics,Transform,success,2026-08-31T07:01:01.959316,2026-08-31T07:01:11.599093,9.64,2552,1445,finance_close_summary,
run_0114,3,Reconcile daily totals,Quality,success,2026-08-31T07:01:11.599093,2026-08-31T07:01:15.807537,4.208,10,10,reconciliation,
run_0114,4,Publish close snapshot,Load,success,2026-08-31T07:01:15.807537,2026-08-31T07:01:21.580042,5.773,417,417,close_snapshot,
run_0115,1,Extract commerce orders,Extract,success,2026-09-01T06:08:00,2026-09-01T06:08:04.686692,4.687,0,3109,commerce_orders.csv,
run_0115,2,Load raw orders,Load,success,2026-09-01T06:08:04.686692,2026-09-01T06:08:10.162946,5.476,3152,3152,raw_orders,
run_0115,3,Transform order fact,Transform,success,2026-09-01T06:08:10.162946,2026-09-01T06:08:19.201475,9.039,2761,1875,fct_orders,
run_0115,4,Build revenue marts,Transform,success,2026-09-01T06:08:19.201475,2026-09-01T06:08:27.824322,8.623,2508,718,mart_daily_revenue,
run_0115,5,Run data quality,Quality,success,2026-09-01T06:08:27.824322,2026-09-01T06:08:33.360904,5.537,5,5,quality_checks,
run_0116,1,Extract CRM customers,Extract,success,2026-09-01T05:08:00,2026-09-01T05:08:00.400000,0.4,0,419,crm_customers.csv,
run_0116,2,Load raw customers,Load,success,2026-09-01T05:08:00.400000,2026-09-01T05:08:08.056174,7.656,409,409,raw_customers,
run_0116,3,Build customer dimension,Transform,success,2026-09-01T05:08:08.056174,2026-09-01T05:08:13.974571,5.918,4017,886,dim_customers,
run_0116,4,Run data quality,Quality,success,2026-09-01T05:08:13.974571,2026-09-01T05:08:16.110636,2.136,11,11,quality_checks,
run_0117,1,Read revenue mart,Extract,success,2026-09-01T07:07:00,2026-09-01T07:07:03.922101,3.922,0,360,mart_daily_revenue,
run_0117,2,Aggregate close metrics,Transform,success,2026-09-01T07:07:03.922101,2026-09-01T07:07:13.188614,9.267,2821,2978,finance_close_summary,
run_0117,3,Reconcile daily totals,Quality,success,2026-09-01T07:07:13.188614,2026-09-01T07:07:17.627596,4.439,5,5,reconciliation,
run_0117,4,Publish close snapshot,Load,success,2026-09-01T07:07:17.627596,2026-09-01T07:07:22.513388,4.886,359,359,close_snapshot,
run_0118,1,Extract commerce orders,Extract,success,2026-09-02T06:05:00,2026-09-02T06:05:05.103950,5.104,0,2843,commerce_orders.csv,
run_0118,2,Load raw orders,Load,success,2026-09-02T06:05:05.103950,2026-09-02T06:05:10.270949,5.167,3646,3646,raw_orders,
run_0118,3,Transform order fact,Transform,success,2026-09-02T06:05:10.270949,2026-09-02T06:05:18.808454,8.538,3037,2800,fct_orders,
run_0118,4,Build revenue marts,Transform,success,2026-09-02T06:05:18.808454,2026-09-02T06:05:27.071266,8.263,3826,882,mart_daily_revenue,
run_0118,5,Run data quality,Quality,success,2026-09-02T06:05:27.071266,2026-09-02T06:05:30.499281,3.428,11,11,quality_checks,
run_0119,1,Extract CRM customers,Extract,success,2026-09-02T05:06:00,2026-09-02T05:06:05.637896,5.638,0,376,crm_customers.csv,
run_0119,2,Load raw customers,Load,success,2026-09-02T05:06:05.637896,2026-09-02T05:06:10.119173,4.481,377,377,raw_customers,
run_0119,3,Build customer dimension,Transform,success,2026-09-02T05:06:10.119173,2026-09-02T05:06:18.259825,8.141,3616,112,dim_customers,
run_0119,4,Run data quality,Quality,success,2026-09-02T05:06:18.259825,2026-09-02T05:06:22.303476,4.044,12,12,quality_checks,
run_0120,1,Read revenue mart,Extract,success,2026-09-02T07:03:00,2026-09-02T07:03:03.147777,3.148,0,376,mart_daily_revenue,
run_0120,2,Aggregate close metrics,Transform,success,2026-09-02T07:03:03.147777,2026-09-02T07:03:10.502778,7.355,3752,1166,finance_close_summary,
run_0120,3,Reconcile daily totals,Quality,success,2026-09-02T07:03:10.502778,2026-09-02T07:03:14.239858,3.737,6,6,reconciliation,
run_0120,4,Publish close snapshot,Load,success,2026-09-02T07:03:14.239858,2026-09-02T07:03:19.454211,5.214,418,418,close_snapshot,
run_0121,1,Extract commerce orders,Extract,success,2026-09-03T06:07:00,2026-09-03T06:07:00.584757,0.585,0,2921,commerce_orders.csv,
run_0121,2,Load raw orders,Load,success,2026-09-03T06:07:00.584757,2026-09-03T06:07:05.254993,4.67,3801,3801,raw_orders,
run_0121,3,Transform order fact,Transform,success,2026-09-03T06:07:05.254993,2026-09-03T06:07:15.930632,10.676,3722,1227,fct_orders,
run_0121,4,Build revenue marts,Transform,success,2026-09-03T06:07:15.930632,2026-09-03T06:07:21.792000,5.861,4076,2902,mart_daily_revenue,
run_0121,5,Run data quality,Quality,success,2026-09-03T06:07:21.792000,2026-09-03T06:07:26.060711,4.269,5,5,quality_checks,
run_0122,1,Extract CRM customers,Extract,success,2026-09-03T05:07:00,2026-09-03T05:07:08.586002,8.586,0,420,crm_customers.csv,
run_0122,2,Load raw customers,Load,success,2026-09-03T05:07:08.586002,2026-09-03T05:07:17.398460,8.812,350,350,raw_customers,
run_0122,3,Build customer dimension,Transform,success,2026-09-03T05:07:17.398460,2026-09-03T05:07:24.781999,7.384,2998,209,dim_customers,
run_0122,4,Run data quality,Quality,success,2026-09-03T05:07:24.781999,2026-09-03T05:07:29.281466,4.499,6,6,quality_checks,
run_0123,1,Read revenue mart,Extract,success,2026-09-03T07:07:00,2026-09-03T07:07:05.079076,5.079,0,403,mart_daily_revenue,
run_0123,2,Aggregate close metrics,Transform,success,2026-09-03T07:07:05.079076,2026-09-03T07:07:13.572975,8.494,2658,595,finance_close_summary,
run_0123,3,Reconcile daily totals,Quality,success,2026-09-03T07:07:13.572975,2026-09-03T07:07:19.526808,5.954,9,9,reconciliation,
run_0123,4,Publish close snapshot,Load,success,2026-09-03T07:07:19.526808,2026-09-03T07:07:26.086279,6.559,417,417,close_snapshot,
